{
    "slope": -0.00603940795559667,
    "slope_stderr": 0.0002544043483833524,
    "intercept": 1.1968371877890842,
    "intercept_stderr": 0.04021077821170112,
    "r": -0.9631090767677307,
    "pvalue": 1.0241031844301035e-26
}