{
    "slope": 0.005908171446191797,
    "slope_stderr": 0.00011528353871511685,
    "intercept": -0.9459481961147086,
    "intercept_stderr": 0.023395032484597726,
    "r": 0.9917275166984457,
    "pvalue": 7.116133047811164e-41
}