{
    "slope": 3.4813882579979167,
    "slope_stderr": 0.016608177150833153,
    "intercept": -446.5103838158157,
    "intercept_stderr": 3.013273309326185,
    "r2": 0.9883041183369918,
    "pvalue": 0.0
}