{
    "slope": -0.0035144619179771812,
    "slope_stderr": 0.0001721677220259307,
    "intercept": 0.7050712303422756,
    "intercept_stderr": 0.027212577652825736,
    "r": -0.9510474835548086,
    "pvalue": 4.56557568531458e-24
}