{
    "slope": 0.003809929078014183,
    "slope_stderr": 0.0001788322989339757,
    "intercept": -0.6150323774283069,
    "intercept_stderr": 0.036291282254914355,
    "r": 0.9547907848669225,
    "pvalue": 8.243790332650232e-25
}